Company,Date,Predict Return,Predict Return,Predict Return,Predict Return,Predict Return,Predict Return,Predict Return,Predict Return,Predict Return,Predict Return
NAS:PEP,2021.0,-0.03902431,0.000987148,0.06215383,0.13058987,0.1301968,0.121876046,-0.26325178,0.024596188,0.13060382,0.13028851
NAS:CSX,2021.0,0.14045377,0.14212829,-0.09064593,0.21736726,0.14216316,-0.032856528,0.047556456,0.1415607,0.19701652,-0.005861162
NAS:KDP,2021.0,-0.13392164,0.40866804,-0.074092604,-0.16820486,-0.2297257,-1.3344272,-0.86421275,-0.42348406,-0.8766594,-0.8659003
NAS:GOOG,2021.0,0.30167556,0.18268985,0.13729541,0.20051478,0.24970151,0.2715076,0.25303453,0.17635316,0.050053038,0.22774452
NAS:CTAS,2021.0,0.23555638,0.00832478,0.10355525,0.2599876,0.16538836,0.33843806,0.33721492,0.16572414,0.16547383,0.16242558
NAS:MELI,2021.0,0.6821955,0.6241439,1.1810838,0.7987194,0.21727273,0.67725444,0.6490579,0.5135448,0.3231677,0.65518284
NAS:TMUS,2021.0,-0.26256597,-0.057371408,0.2612498,0.05381938,0.018469997,-0.04307531,0.19464263,0.20876946,0.0388933,0.009881735
NAS:GILD,2021.0,0.15658,0.14704348,0.2160702,0.022737307,0.032001056,-0.030950557,0.04557898,0.64457256,0.32561916,0.28210273
NAS:IDXX,2021.0,-0.010124572,-0.014398325,-0.041256353,0.24871203,0.2500963,-0.030891417,0.26133743,0.25066182,0.25054407,-0.30079937
NAS:CDNS,2021.0,0.17927274,-0.12633549,-0.03359403,0.19908226,-0.15374428,-0.5017845,-0.123356864,0.19915198,-0.23569337,0.1324189
NAS:MU,2021.0,-0.66431487,-0.15558898,-2.677818,-0.8858181,-1.4804165,-1.1346216,0.21970323,-1.4320115,-0.14138761,-0.27327377
NAS:TXN,2021.0,0.96884197,0.050387096,0.16540913,0.1644264,0.1660868,-0.20164058,-0.032153275,-0.1897915,0.16480882,0.2435728
NAS:INTC,2021.0,0.21061139,0.04584067,0.2016703,0.03399553,0.4066379,0.36522174,0.3198711,0.078670286,-0.2943772,0.20485063
NAS:MRVL,2021.0,-0.29730585,0.37472796,0.52228296,0.19866745,-0.29752347,-0.11093573,-0.35356793,-0.09261385,0.020076238,-0.9961666
NAS:COST,2021.0,0.019714897,0.20202816,0.28661805,0.061260216,0.014450638,0.039230462,0.14586997,0.7652643,0.14499779,0.12437466
NAS:AVGO,2021.0,0.06977206,0.019554224,0.3553988,0.18808763,0.010308309,0.7673569,0.29626516,0.60790247,0.019961111,0.28614488
NAS:SWKS,2021.0,0.021415517,-0.0025206264,0.010845873,-0.060387515,0.10929054,0.4386722,-0.6161979,-0.025074655,0.3147383,0.31446734
NAS:FAST,2021.0,0.41811126,0.20240769,0.0062847245,0.20164695,0.07466507,0.20296253,0.15528254,0.032439254,0.15236759,-0.014600869
NAS:ALGN,2021.0,-0.037390385,-0.2382265,-0.42239892,0.018079793,-0.7622357,-0.046079222,-0.067499086,-0.28906393,-1.919507,-1.1321929
NAS:ILMN,2021.0,-0.14835116,0.008566087,-0.01087592,-0.1092557,-0.000657588,0.003750759,-0.011292565,0.07158266,0.03865964,0.3259986
NAS:CTSH,2021.0,0.029997444,0.009860303,0.09306579,0.046798654,-0.6836869,0.009310697,0.07410893,-0.029981365,0.29198122,0.05039381
NAS:NTES,2021.0,-0.26020136,0.21258773,-2.3772297,0.12923215,-0.20367475,0.44414356,-0.3313832,0.2287174,0.2732756,0.21035868
NAS:AZN,2021.0,0.041227963,-0.0023065845,-0.012024965,0.0061078635,-0.08384847,0.08933319,0.05565542,0.3226459,0.08564255,0.05157977
NAS:AMD,2021.0,-0.06461824,-0.2792482,-0.57468355,-0.38729417,-0.8659971,-0.24608573,-0.083174855,0.30440375,-0.14418502,-0.50011265
NAS:TCOM,2021.0,-0.062542856,0.0526401,-0.06450045,-0.13206068,-0.11927953,-0.12791973,-0.10759058,1.490321,-0.04397583,-0.0094817765
NAS:BIDU,2021.0,-0.25603175,-1.0993874,-1.2379117,-0.5113809,-0.09120006,-0.75874436,-0.15232095,-1.1681892,0.1476329,-0.10568842
NAS:CSCO,2021.0,-0.39566562,-0.44215316,-0.08345558,-0.10136876,0.016725557,0.01291299,-0.027969135,-0.035317514,0.04690858,0.2424123
NAS:VRTX,2021.0,0.119857624,0.36580032,0.18248546,0.0703179,0.0822953,0.084362425,0.22087923,0.24267726,0.22568494,0.103372745
NAS:ANSS,2021.0,-0.096586525,-0.046332862,0.2901592,0.61198336,0.04527914,0.09610283,0.28792045,-0.22000535,0.28473106,0.28750178
NAS:SGEN,2021.0,0.0034011917,0.21261649,-0.019488903,-0.013478414,0.18253952,0.3035919,0.31366664,0.31746736,0.49281076,1.0338545
NAS:SNPS,2021.0,-0.34378046,0.15899572,0.33465254,0.15035254,0.14784965,-0.21375921,0.43073416,0.01885274,0.24412282,0.5468138
NAS:INTU,2021.0,0.10423383,0.10534593,0.1361551,0.13135317,0.09050586,0.20357934,0.4179532,0.19614497,0.10222914,0.19444048
NAS:ATVI,2021.0,0.20420614,0.12286825,0.016474003,-0.09574218,0.0990468,-0.89905095,0.042146143,0.14357422,0.24102986,-0.025349822
NAS:NXPI,2021.0,0.43619132,0.1109202,0.08801886,0.47497338,0.14379224,0.3142291,0.10784703,0.7281411,-0.04865984,1.147229
NAS:AMAT,2021.0,0.28513846,-0.06243209,-0.4082567,-0.06324105,-1.0605501,0.04418714,0.28096646,-0.07922735,-0.10269335,0.28530464
NAS:EXC,2021.0,0.2458667,0.06034677,-0.06498981,0.085082844,0.064200856,0.06017767,-0.085475415,-0.62040764,0.05946464,0.059461784
NAS:BKNG,2021.0,0.020711983,0.1661976,-0.03339662,-0.19950667,-0.023938527,0.39498234,0.06489478,-0.007612279,0.08688572,0.0101540955
NAS:PAYX,2021.0,0.023944527,-0.0849135,0.009124852,0.056856353,-0.21396905,0.04259324,-0.28426906,-0.6409306,-0.5020194,0.037672386
NAS:CMCSA,2021.0,-0.0028128957,-0.1094452,-0.06507407,0.056503635,0.56197363,0.14252523,-0.2141434,0.00258417,0.106820464,0.11033695
NAS:DXCM,2021.0,0.82397205,0.0059513925,-0.34921438,0.10197971,-0.014033373,-0.35835227,-0.0064182803,0.014906295,0.19619964,0.32431456
NAS:ADSK,2021.0,0.06244889,0.028923124,0.20953761,0.021446731,-0.023847986,0.20947306,0.20954815,0.16928624,-0.026191063,-0.3791022
NAS:FISV,2021.0,0.11056351,0.06293092,-0.030142752,0.20778951,0.20676719,0.017665045,0.06321356,0.009072934,-0.021294875,0.20804301
NAS:SIRI,2021.0,-1.1789734,-0.69348,-0.014420622,-0.30337197,-0.8910302,0.22555074,-0.17098199,-0.02602183,-0.4198561,0.0011430979
NAS:AMZN,2021.0,0.066198364,-0.065917514,-0.14511795,0.07569903,-0.078656256,0.12705252,-0.08382466,-0.04488366,0.07897219,-0.09997803
NAS:XEL,2021.0,0.2771126,0.07153044,0.2799337,0.071809866,0.026071906,0.22528759,0.059041515,0.8083925,0.09643416,0.071550384
NAS:CPRT,2021.0,0.29699165,0.07250634,0.13165298,0.08464206,1.1173846,0.11336442,0.17609555,0.27485263,0.279784,0.5227832
NAS:MNST,2021.0,-2.205403,-0.7705406,-0.22240911,-0.90765405,-0.2315785,0.1608051,-0.43479422,0.019910203,0.47431308,-0.039614614
NAS:MTCH,2021.0,0.17931402,0.0054392405,0.014193082,-0.013827264,0.27072167,0.2589463,0.32619113,0.040927134,0.044170033,0.008563799
NAS:ISRG,2021.0,0.06453943,-0.015901731,0.07197802,0.033074595,0.04313401,0.043264173,-0.07700604,0.278321,0.4251107,-0.08450394
NAS:CHKP,2021.0,0.27270085,0.27083147,0.13669343,-0.2313475,0.1516476,0.0835813,0.06259405,0.07171984,0.1408305,0.055359095
NAS:SBUX,2021.0,0.24234268,0.23708627,0.62094706,0.23591672,0.14028591,0.52036554,-0.8043073,0.3398497,0.061261754,0.49339128
NAS:AMGN,2021.0,-0.17578681,-0.33333132,-0.2962986,0.28430295,-0.46147126,0.47223184,0.28284368,-0.051556345,0.87378407,0.070459194
NAS:ROST,2021.0,0.7495044,0.6489022,1.0991715,0.5274016,0.031691674,0.2865857,1.0291654,0.68141496,0.37501675,0.21156183
NAS:LRCX,2021.0,0.31880394,0.10817795,0.13851824,0.07587424,-0.3747574,0.105102256,0.26576132,0.33214414,-0.08978378,-0.15229326
NAS:EBAY,2021.0,0.08497548,-0.15726419,0.18607716,0.031011395,0.4276978,0.081944354,-0.2948461,-0.4877665,0.22836205,-0.07233346
NAS:VRSK,2021.0,0.14396454,0.024139136,0.17643546,0.29615086,-0.09681111,0.34269056,0.11358977,0.26010847,0.29127717,0.38628557
NAS:EA,2021.0,-0.01832767,-0.05778359,-0.06061797,-0.68078804,-0.28614134,-0.12036354,-0.14298584,0.21638434,-1.0029309,0.048100095
NAS:ADBE,2021.0,0.16325364,0.26124403,0.27675653,0.35021168,-0.0022936394,0.2847687,0.2788673,0.2772449,0.6245316,0.25966844
NAS:MCHP,2021.0,0.007149384,0.012054925,0.0031580946,-0.0016782461,0.16340113,0.16420943,0.080780625,0.015451098,-0.22817744,0.020014828
NAS:AEP,2021.0,0.13308994,0.02574727,-0.01530491,0.025034614,0.025209077,0.025788615,0.025781916,0.027628114,0.002891961,0.038934644
NAS:ADI,2021.0,-0.5325231,0.04142161,0.21443449,0.20705955,0.06779542,0.08371839,0.09074233,0.090290055,0.06379308,0.21441133
NAS:INCY,2021.0,-0.42303014,-0.8822776,0.5378234,-0.4897435,-0.63934195,-0.131483,-0.6341589,-0.106100544,-0.054407835,-1.8194934
NAS:AAPL,2021.0,-0.014195813,0.111766316,-0.21442862,-0.41883087,0.047106486,0.31271803,-0.0031365678,0.01773119,0.15164831,0.31283936
NAS:CERN,2021.0,0.010117209,-0.15114562,-0.19758269,-0.023474608,0.20658946,0.054213442,0.21956794,-0.01393018,0.05819372,0.06707883
NAS:BIIB,2021.0,0.2495695,1.3301357,0.49807358,1.1396846,1.0851175,0.36640888,1.2393439,0.36676964,0.8044585,0.80818987
NAS:KLAC,2021.0,0.21885891,0.21206003,0.51135993,0.046962075,0.21221511,0.017018719,0.04733196,-1.1979542,-0.76258206,0.03777183
NAS:WBA,2021.0,-0.19004548,-0.16213126,-0.123431474,0.13928089,-0.11172752,0.14114138,-0.2638307,-0.23138112,-0.105189994,0.13264453
NAS:ASML,2021.0,0.14892341,0.31933057,0.26509053,0.3462582,0.116010584,0.5076718,0.5507329,0.23164499,0.25712982,0.16695544
NAS:LULU,2021.0,0.78530186,0.5574733,0.86602783,0.9456694,0.43196243,0.75977975,1.1177506,1.418485,0.9474463,0.9208627
NAS:VRSN,2021.0,-0.271621,0.09998041,-0.24245766,-0.21996546,-0.34630558,0.121761404,-0.17156863,-0.12777036,-0.30584335,0.2274278
NAS:NFLX,2021.0,0.045817666,-0.016704958,-2.2245002,0.06420836,0.0011125207,-0.3062637,-0.006300138,-0.34882227,0.12859286,-0.0191156
NAS:QCOM,2021.0,0.031732388,-0.14449492,-0.6978298,0.08223587,-0.15879866,0.11956874,0.12729801,0.02170774,-0.733888,-0.6204661
NAS:NVDA,2021.0,1.6749461,1.206197,1.311374,0.19716279,1.5728593,1.3038946,1.8051234,1.4528047,0.37223297,1.556617
NAS:DLTR,2021.0,0.011386011,-0.16898344,0.029287321,-3.7455415e-05,0.031396605,0.14270161,-0.0040233135,-0.37342548,-0.0013634134,0.16046615
NAS:MSFT,2021.0,0.19296677,-0.12701736,-0.030999353,-0.020528387,0.26341748,0.120799325,0.010927317,0.23775761,-0.031082064,0.094026506
NAS:HON,2021.0,0.08699806,0.078848496,-0.002409287,-0.003815055,0.08755728,0.087117665,0.08745083,0.08743907,0.04295984,0.04392547
NAS:MAR,2021.0,0.12245714,0.11542784,-0.10224407,-0.35866272,-0.12410698,0.16248442,0.061579984,0.11802011,-0.20222859,-0.068358116
NAS:PCAR,2021.0,-0.20649768,0.13896765,0.004570702,-0.013822556,0.10548805,0.26525345,-0.1351337,0.111782864,0.13993712,0.026504822
NAS:TSLA,2021.0,1.6620586,2.420142,1.6071773,0.4005216,0.9352663,1.368911,2.8876417,2.6230166,1.8512976,2.1092966
NAS:MDLZ,2021.0,0.03833836,0.11005463,0.05480743,-0.19381009,0.04345029,0.14986774,0.093202226,0.123656996,0.035862792,0.044602558
NAS:ORLY,2021.0,0.2515457,0.23785104,0.0029744536,0.12422114,0.052246753,0.034060597,0.12811242,0.0009876539,0.027145026,0.045748062
NAS:REGN,2021.0,0.15147069,-0.055066507,-0.04970661,-0.009646923,-0.06196536,0.037346184,0.077914834,0.10446044,0.32579565,0.4765314
NAS:CHTR,2021.0,0.10982817,0.2565736,0.2996287,0.272718,0.26468855,0.2889747,0.073503986,0.1625883,0.10667487,0.0009160378
NAS:ADP,2021.0,0.124348335,0.13855651,0.1622106,0.31866086,0.24400169,0.17143153,0.24794048,0.14319208,0.14484185,0.14359373
NAS:PEP,2020.0,0.13228178,0.031769834,0.039466254,0.13187766,0.07003449,0.03557454,0.019710703,0.015400088,0.13163002,0.10526681
NAS:CSX,2020.0,0.14343666,0.14377052,0.37489384,0.46646252,0.14881936,0.814853,0.14374878,0.7929881,0.38340575,0.4440949
NAS:KDP,2020.0,-0.029030956,-0.90627134,0.36832836,-0.08788055,-0.11442577,-0.43578494,-0.62969303,-0.12188703,0.40320253,-0.19574189
NAS:GOOG,2020.0,-0.5953557,-0.24550687,-0.006583726,0.11455539,0.2322531,0.20717189,0.15787846,-0.021310303,0.25268406,0.15307066
NAS:CTAS,2020.0,0.16402318,-0.028192598,0.4204569,-0.02307694,0.16423823,-0.011560754,-0.036048956,0.16422951,-0.016432073,0.030156564
NAS:MELI,2020.0,0.8852479,0.58477986,1.383958,1.1678877,0.5039536,0.13805889,0.97462285,1.7127128,0.81730217,0.84141624
NAS:TMUS,2020.0,-0.03125786,-0.03272291,0.5757935,1.3798516,0.5927176,-0.16639662,0.2633199,-0.002864019,-0.7756679,0.21534547
NAS:GILD,2020.0,0.29006362,0.0172664,0.03318368,1.0625998,0.27534148,-0.7360729,0.16323489,-0.36148226,0.09583405,0.01950855
NAS:IDXX,2020.0,0.022933206,-0.2516965,0.029234432,0.11932056,0.23704904,0.00022878137,0.053888567,0.33559638,0.4290916,0.31090873
NAS:CDNS,2020.0,0.714257,0.19062802,0.26483005,0.10788202,0.016603589,-0.41614208,-0.055108875,-0.048269827,0.05034927,0.18449499
NAS:MU,2020.0,-0.4715451,-0.091991305,-0.76484257,-0.18382666,-0.114130035,-0.37587234,-0.09280286,-0.346212,-0.5051442,-0.8671777
NAS:TXN,2020.0,0.16664937,0.5097427,0.038769796,0.08559885,0.16505516,0.07826748,0.61474085,-0.39518815,1.454092,0.08874672
NAS:INTC,2020.0,0.012439548,-0.10520326,0.20993544,-0.8518524,-0.040841036,0.0035180375,0.21314499,-0.032902416,-0.1168988,0.01570011
NAS:MRVL,2020.0,0.1571025,0.093685895,0.41803318,-0.042933315,-0.002552429,-0.011371003,-0.09515944,0.03647416,0.38787797,0.07349485
NAS:COST,2020.0,-0.02617423,0.14485322,0.1444334,0.14432786,-0.06419441,-0.07220158,0.069877684,0.13961719,0.0071415673,0.030339181
NAS:AVGO,2020.0,-0.032075595,0.9208365,0.45812282,0.14195332,0.19699386,0.55704015,0.17311306,0.21111622,0.17270689,0.42854375
NAS:SWKS,2020.0,-1.8661054,0.63939935,-1.4739511,-0.4382002,0.5182209,-1.5892013,-0.6178941,-0.47581527,-1.722533,-1.2533103
NAS:FAST,2020.0,-0.027813511,0.0035175998,0.01982998,-0.011635511,0.2009658,-0.00056448707,0.20214565,-0.022616403,0.0042338963,-0.04516691
NAS:ALGN,2020.0,0.8027373,1.2546692,1.3539639,0.69706655,0.0048131235,0.93644786,1.3032014,0.9329245,0.7143188,0.6544881
NAS:ILMN,2020.0,0.7032201,0.3038464,0.33511296,-0.039192766,-0.06851606,-0.12513927,-0.07485267,0.77949786,-0.26330107,0.012987589
NAS:CTSH,2020.0,0.16982336,0.4777593,0.03446087,0.530518,0.25547925,-0.0034186644,0.20709482,0.4271815,0.13885145,0.015933573
NAS:NTES,2020.0,0.4230028,0.19035384,2.4673047,-0.061343227,0.06040372,-1.799983,-2.210965,0.03829042,0.025769055,0.078105375
NAS:AZN,2020.0,0.08562019,-0.024867635,-0.38959154,0.08074992,0.07345729,0.083402924,-0.0069576106,-0.51774395,-0.057480656,-0.041057628
NAS:AMD,2020.0,-0.3246494,-1.5656519,-0.044107668,-0.060884032,-0.24053945,-0.4058595,-0.310773,-0.8034857,0.25068355,-0.31321117
NAS:TCOM,2020.0,0.050058313,0.23410787,-0.13160667,0.25519767,-0.09549218,-0.11920489,0.024526145,0.022332527,-0.0019877953,-0.06595066
NAS:BIDU,2020.0,-0.057696946,0.4019285,-0.12755764,-0.03725856,0.7416483,0.05978158,-0.08782458,-0.20629784,-0.3699294,-0.46988282
NAS:CSCO,2020.0,-0.0648514,0.1675268,0.042588376,0.07054396,0.043534026,0.2202092,-0.0051396266,-0.26074106,0.07951989,0.30448544
NAS:VRTX,2020.0,0.202401,0.004573318,0.04309307,0.27861103,0.07560172,0.33697665,0.39198086,0.074811205,0.16792977,0.30631107
NAS:ANSS,2020.0,-0.02309803,0.045228187,-0.24673839,-0.17681271,0.021496875,-0.04055634,0.28483245,-0.49378312,0.059244968,0.07569245
NAS:SGEN,2020.0,-0.2799617,-0.034676094,-0.00488217,0.028791873,0.004438471,-0.020695891,0.06695476,0.034140073,-0.022402378,0.052804574
NAS:SNPS,2020.0,-0.10339251,-0.036555566,-0.036118302,0.12920393,-0.03929289,0.06800732,0.026118796,0.2654143,0.17388225,0.20297348
NAS:INTU,2020.0,0.0006824444,0.09645312,0.19911376,0.12963766,0.16063742,0.20034732,0.02323016,0.03958591,-0.008991829,0.026227923
NAS:ATVI,2020.0,0.015171561,0.26554692,-0.007876174,-0.35641977,0.10788788,0.09072058,0.03639389,0.2588808,-0.018797928,0.11457196
NAS:NXPI,2020.0,-0.7078934,-0.75431454,-0.13971418,-1.0990231,-0.064166695,-0.72012687,0.3108803,-0.5338156,0.24937978,-0.07625419
NAS:AMAT,2020.0,0.28559047,-0.04942988,0.28381506,-0.055248227,0.27793896,-0.017074328,0.28270274,-1.0195544,0.27866432,-0.066643015
NAS:EXC,2020.0,0.022359896,0.06676548,-0.07456791,-0.071032114,0.06681565,-0.39359814,0.23698828,0.06660655,0.06690802,0.06703333
NAS:BKNG,2020.0,0.03541874,-0.0023338576,-0.287278,0.12930393,0.1591803,0.0025274716,0.039453782,0.012075808,-0.007622972,-0.21265209
NAS:PAYX,2020.0,-0.009444806,0.06613371,0.053410742,0.0015990324,0.000859946,-0.27908552,-0.010687195,-0.028325643,0.01616728,0.21428739
NAS:CMCSA,2020.0,0.18090074,0.051031753,0.39895353,0.083059594,0.10082872,-0.07780648,0.19713843,0.1801312,0.38295284,0.32461947
NAS:DXCM,2020.0,-0.38049155,-1.1548376,0.3817958,0.7165485,-0.23069938,-0.5973347,-0.04524543,0.15300415,-0.24960251,-0.08973335
NAS:ADSK,2020.0,-0.03142342,0.083766505,0.20325424,-0.03043162,-0.041330967,0.20121448,-0.24397224,0.10762856,0.29587156,-0.029360866
NAS:FISV,2020.0,0.2328045,-0.022356503,0.6311238,0.21257143,0.21284299,0.45561862,0.32973385,0.21198723,-0.3278868,0.21191213
NAS:SIRI,2020.0,-0.24703272,-1.1603973,-1.0340216,0.06816809,-0.012562476,-0.055498876,-0.26555058,-0.08286234,-0.3163015,-0.39727136
NAS:AMZN,2020.0,-0.06820114,0.34857666,-0.8550585,0.9704405,-0.005805364,0.09107827,0.019292984,-0.26852727,-0.029335035,0.17268705
NAS:XEL,2020.0,0.07060688,0.11827396,0.22980481,0.07093098,0.13522145,-0.03275344,0.07045326,-0.021215893,0.08791719,-0.08395703
NAS:CPRT,2020.0,0.13430803,0.2857021,-0.36308935,-0.074568644,0.05848189,0.2522276,-0.21330637,0.13026918,-0.03975609,-0.02478267
NAS:MNST,2020.0,-0.07615495,0.013446702,0.019371327,0.42352724,0.109896034,-0.02071442,0.13132574,0.025306936,-0.17976207,0.005384668
NAS:MTCH,2020.0,0.25217178,1.0560918,0.4952903,0.2694663,0.5651907,0.3835947,0.48509285,0.50208235,0.7001748,0.4983253
NAS:ISRG,2020.0,-0.08780808,0.6444864,0.095887944,0.47671407,0.07817285,0.14325482,0.916506,0.40344605,0.2919763,0.19394773
NAS:CHKP,2020.0,-0.24914698,0.946301,-0.13166137,0.16280963,0.08989533,0.049426325,0.32374346,0.5869192,0.07512187,0.2039543
NAS:SBUX,2020.0,-0.012253151,-0.052358985,-0.0070110466,-0.5360251,0.39408293,0.026020408,-0.06254861,-0.04468904,0.46390146,-0.015163779
NAS:AMGN,2020.0,-0.88499874,0.29602748,0.101366654,-0.7378294,-0.7981353,0.046794638,-0.12908344,0.059179842,0.04101108,-0.025367271
NAS:ROST,2020.0,-0.1577634,-0.3629999,-0.40406182,-0.28376633,0.06023724,-0.62443805,0.37564492,0.023106823,-0.36958408,0.050966147
NAS:LRCX,2020.0,-0.0375742,-0.81390256,-0.12658626,-0.09738755,-1.5443898,0.2997934,-0.1201429,-0.2732509,-0.07585767,0.32341003
NAS:EBAY,2020.0,0.3461882,0.14952947,0.56164354,0.15678862,0.087222576,0.31806886,0.1614437,0.006759841,0.57975143,-0.21633446
NAS:VRSK,2020.0,-0.7527005,0.17178598,0.17906684,0.17178287,1.0377,0.47025883,0.022173194,0.003644996,0.006157954,0.025843257
NAS:EA,2020.0,0.33999288,0.00075621903,0.132132,0.23513776,0.06447327,0.1858944,0.0027400188,0.121244036,-0.062788546,0.21474762
NAS:ADBE,2020.0,0.27137205,0.27004874,0.45418772,0.08330195,0.15492882,-0.09434071,0.18815742,0.084798194,0.7015602,0.2302383
NAS:MCHP,2020.0,-0.0060392804,0.15880567,0.011896068,0.16493995,0.16455254,-0.009561101,0.02340051,0.1757065,-0.07117886,0.15738401
NAS:AEP,2020.0,0.09510446,0.031063326,0.02682762,-0.0034795515,0.027306365,0.027221322,0.02557394,0.1795983,0.025785299,0.056624085
NAS:ADI,2020.0,0.07488238,-0.21260954,0.21901403,0.026131384,-0.40464833,-0.5210707,0.07622446,0.0033885222,0.2116531,-0.64520526
NAS:INCY,2020.0,-0.85841906,-0.35901904,0.041835945,-0.06246531,-0.2914465,-0.58057296,-0.34962615,0.016461361,-0.09919062,-0.43258882
NAS:AAPL,2020.0,0.36491457,0.29387894,0.024228066,-0.30480745,0.13249643,0.04773236,0.2932965,-0.37758282,0.011490349,0.2883061
NAS:CERN,2020.0,-1.0444707,0.013822854,-0.8677095,-0.507887,-0.6318888,-0.99991304,0.010481095,-1.0366977,-0.0054153115,-0.95162326
NAS:BIIB,2020.0,0.06856488,0.023827536,0.3419312,0.07337857,0.107652836,0.006778853,0.05647165,0.16759917,0.4424064,0.058965597
NAS:KLAC,2020.0,-0.014818454,0.20621173,0.20593242,-0.28763375,0.20639282,-0.7039252,0.052877817,0.21268474,-0.0033936831,0.10568837
NAS:WBA,2020.0,0.64780366,0.66341674,0.5371421,0.11232591,0.63247776,0.26657695,0.47162202,0.21548977,0.21814829,0.29010352
NAS:ASML,2020.0,-0.09506885,0.102233715,-0.021798871,0.07896262,0.071952805,-0.03184573,0.07178706,0.16954507,0.19303939,0.08362071
NAS:LULU,2020.0,0.7159338,0.08797106,0.3770518,-0.09851761,0.17812154,-0.48930728,-0.036758147,0.05795712,0.32615727,-0.6812544
NAS:VRSN,2020.0,0.086947545,0.06410355,-0.23123765,0.18564367,0.2569394,-0.14614433,0.5114727,0.4007214,0.3173047,-0.15972339
NAS:NFLX,2020.0,-0.057850998,0.8865105,0.09871956,0.06077701,-0.03199045,-0.028333062,0.014999889,-0.20998771,-1.0072135,-0.1333582
NAS:QCOM,2020.0,-0.14399794,-0.49549812,0.123443395,-0.4305046,0.15312532,0.17195879,0.029325606,0.40189952,-0.4810169,0.067360714
NAS:NVDA,2020.0,-0.25950393,0.3185212,-0.15371041,-1.192575,-0.10521364,-0.36584237,0.3061913,0.14641164,-0.85151184,0.30222768
NAS:DLTR,2020.0,0.17832674,0.27965817,0.39830685,0.18351714,0.68551123,0.2408835,0.19501156,0.6604206,0.25791734,0.531807
NAS:MSFT,2020.0,0.18270649,-0.023818562,0.2595733,0.252885,0.07591274,0.0097317975,0.0085136695,0.07674224,-0.010233708,0.235472
NAS:HON,2020.0,-0.24202508,-0.027220747,0.0883248,0.087827325,-0.118245296,0.08936531,-0.4409937,-0.00023346147,-0.047080953,0.04618399
NAS:MAR,2020.0,-0.015169877,0.2967399,-0.026395574,0.14698483,0.64240795,-0.5056322,-0.5324714,0.027083933,0.023289554,-0.25568718
NAS:PCAR,2020.0,-0.14946428,0.14303267,-0.33111116,0.3248219,0.06088152,0.14233574,-0.13836291,0.14391732,0.1327903,0.14369015
NAS:TSLA,2020.0,0.19209093,-0.043954257,0.759581,-0.20295073,0.47288287,-0.748601,-0.7806359,0.052581277,-0.43515897,-0.6536797
NAS:MDLZ,2020.0,-0.07001957,-0.40506065,0.0856006,-0.037327707,0.011958398,-0.042315144,-0.044878338,-0.03197866,-0.11460299,0.41688243
NAS:ORLY,2020.0,0.2446838,0.24889858,0.20976305,0.24752188,0.24726509,0.5272792,0.3624706,0.24732168,0.44003302,0.24639936
NAS:REGN,2020.0,-0.13659358,-0.6077292,-0.3021775,-0.019793365,-0.7901064,0.049731866,-0.03355648,-0.1423398,-0.15801673,-0.120369576
NAS:CHTR,2020.0,0.38403505,0.11629913,0.17842115,-0.4709283,0.59261227,0.3064042,0.33838844,0.09231966,0.46712252,0.80264294
NAS:ADP,2020.0,0.15093999,0.53091216,0.52536386,0.15258332,0.2678499,0.26261565,0.40779573,0.16355503,0.09767551,0.16420713
NAS:PEP,2019.0,0.009787955,0.08491234,0.050290845,0.13166283,0.040812872,0.10106552,0.13171096,0.13211258,0.13168602,0.128896
NAS:CSX,2019.0,0.23956022,-0.29455686,0.058175478,0.0101075405,-0.005210991,0.14504789,-0.1413257,0.14058612,0.14509395,-0.24453855
NAS:KDP,2019.0,0.055949613,0.02384437,0.010220361,0.33074763,-0.018148936,0.16018829,-0.25048265,-0.0028582234,0.13419883,0.21009
NAS:GOOG,2019.0,0.30914485,0.14150006,0.519297,0.41660136,0.26782945,0.4802328,0.3036095,0.25361502,0.3987157,0.33239
NAS:CTAS,2019.0,0.5085842,0.16050404,0.069039665,0.4895918,0.07114811,0.16085866,0.44770905,0.16085443,0.27055645,0.4495474
NAS:MELI,2019.0,0.7748534,1.0916314,0.57311803,0.44029114,0.4129728,1.0666003,0.6974241,0.7650865,0.8731171,0.6826907
NAS:TMUS,2019.0,0.020221442,0.13641438,-0.04754929,0.020038616,-0.109113224,0.030225527,0.09591167,0.13389774,-0.08156771,0.30711168
NAS:GILD,2019.0,-0.043956272,-0.004278563,0.29807547,-0.0055343863,-0.017411212,-0.31454024,-0.02447451,-0.042565912,-0.3383606,-0.03235731
NAS:IDXX,2019.0,-0.0046229176,0.24003915,-0.0013518324,0.00583264,-0.004008584,0.22807227,-0.048682988,-0.029119806,-0.106089376,-0.16508494
NAS:CDNS,2019.0,-0.299024,0.16497019,0.16284297,0.09612647,0.84962314,0.17606536,0.014351652,0.5460672,0.38131866,0.28610405
NAS:MU,2019.0,-0.17885917,-0.18666276,-0.63276136,-0.20417279,-0.84829915,-1.0369391,-1.5140545,-0.36911508,0.18657452,-0.8776726
NAS:TXN,2019.0,0.028342806,0.063588776,-0.0008004904,0.095606126,0.16757542,-0.080152996,-0.033704605,0.111533366,0.06915394,-0.030869093
NAS:INTC,2019.0,0.59765583,0.054479174,0.58687705,0.2136752,0.06207332,0.73271435,0.3341716,0.18201223,0.42119673,0.3093258
NAS:MRVL,2019.0,-0.09334779,0.40635306,-0.0311659,-0.08404985,0.09414321,0.080791086,0.14616814,0.008090953,0.28210935,0.019636508
NAS:COST,2019.0,0.027737956,0.13392065,0.26103255,0.4047555,-0.054868724,0.059588134,0.13315788,0.0759983,0.135623,0.009154903
NAS:AVGO,2019.0,-0.20004126,0.021097995,0.31979296,0.30194804,0.35176316,1.1520419,0.028964745,0.31217963,0.20685756,0.27497655
NAS:SWKS,2019.0,-1.7012156,-0.13832481,0.0879927,0.018699944,0.14597252,-0.010335148,0.167294,-0.30769536,0.64343417,0.07940576
NAS:FAST,2019.0,0.20952797,0.2872762,0.28493646,0.04845703,-0.20904,0.0053987075,0.21626338,0.27932984,0.06178492,0.14899647
NAS:ALGN,2019.0,2.776875,4.199552,4.3382406,4.061813,5.7804027,3.7931378,4.950122,4.930061,5.7419863,6.332211
NAS:ILMN,2019.0,0.58116794,0.58115876,0.29032326,0.46028468,0.32357478,-0.14925656,0.44501755,0.67166305,0.7178648,1.4593412
NAS:CTSH,2019.0,-0.09515027,0.24226429,0.3010208,0.47200954,-0.4336151,0.040515944,0.29064614,0.2405767,0.016694833,0.0043467283
NAS:NTES,2019.0,-0.07473192,0.11718094,-0.0069311857,-0.45922464,0.093834184,0.030582674,0.1508635,0.11962053,0.17904422,0.16605616
NAS:AZN,2019.0,-0.18944278,0.08129353,0.042369194,0.08191033,0.08125651,0.017663267,-0.02282725,0.08052677,0.08225088,-0.011246813
NAS:AMD,2019.0,-0.17529702,0.26486796,-0.9343706,0.26507485,-1.0387486,-0.53784144,0.021258935,0.25721526,0.65162647,-0.9960873
NAS:TCOM,2019.0,0.11401817,0.7465657,1.1003197,0.72253025,0.07069589,0.603796,0.49698588,0.27978978,1.0399553,0.2011237
NAS:BIDU,2019.0,0.66355246,0.69495595,-0.08739926,0.25958836,0.52180386,0.2209121,0.42970577,0.13556954,0.98000234,0.7021887
NAS:CSCO,2019.0,0.6073476,0.2864836,0.6808301,0.024811609,1.0321132,0.1788522,0.17717461,0.9524686,0.19788136,0.6602636
NAS:VRTX,2019.0,0.42707863,0.15803945,0.70693266,0.07497543,0.30469334,-0.24978757,-0.03848474,0.25321332,0.054591965,0.67459846
NAS:ANSS,2019.0,0.59583855,0.26577824,0.46178538,-0.03976251,0.047967363,0.406425,0.2599214,0.8018518,0.69303524,0.705196
NAS:SGEN,2019.0,0.27748698,0.17625259,0.05298547,0.7717939,0.11291746,0.03567877,0.021292208,0.15194036,0.1493669,0.05795862
NAS:SNPS,2019.0,-0.050818384,0.11486852,0.12401361,-0.035728075,-0.15245461,-0.3088357,-0.011156101,0.12589628,0.1189652,0.028174117
NAS:INTU,2019.0,0.14872864,0.03392919,0.023987884,0.096626095,0.011865593,0.1375428,-0.015860084,0.3057431,-0.11149352,0.49657148
NAS:ATVI,2019.0,0.5670945,0.28294784,0.08362116,0.8263959,0.38086244,0.28331935,0.7156951,0.7230482,0.2863532,0.33225772
NAS:NXPI,2019.0,1.4962196,0.41528884,0.27822253,0.6455083,0.53888273,0.43450126,0.35820252,0.0046936893,0.7965208,0.025402715
NAS:AMAT,2019.0,0.9298148,0.7995583,1.2072378,0.4328524,0.64317966,0.6092484,0.5545473,0.3666435,0.960932,0.45218045
NAS:EXC,2019.0,0.06656404,0.06671969,0.0662879,0.06626161,0.06622765,-0.041548595,-0.07224321,-0.27846318,-0.08990414,0.062249947
NAS:BKNG,2019.0,0.64962447,0.6209662,0.42284223,0.10432696,1.071223,0.6058732,0.039471626,0.3867984,0.32994303,0.78774667
NAS:PAYX,2019.0,0.09698415,0.027328888,0.057998393,0.3364009,0.031237438,0.023344202,0.022960657,0.032297745,0.17729501,0.46124837
NAS:CMCSA,2019.0,0.8370206,-0.107887104,0.27753675,0.40758038,0.023274189,0.07029253,0.15129635,-0.024181742,-0.0028118864,0.15353955
NAS:DXCM,2019.0,-0.025785388,-0.022016112,0.0013589207,-0.3552799,-0.0750826,-0.09350812,-0.10895341,-0.018675473,-0.1669602,0.058693554
NAS:ADSK,2019.0,0.053229228,0.07162817,0.33216423,0.16502663,0.15564889,0.20136528,-0.705106,0.44150293,0.01300206,-0.035884675
NAS:FISV,2019.0,0.24717695,0.054710086,0.20934574,0.4029748,-0.041463748,0.35070816,0.20827843,0.2081879,0.2043876,0.087480985
NAS:SIRI,2019.0,1.1219224,1.7797738,0.8226881,2.0180306,1.5664872,2.3708582,-0.2357696,0.9535209,1.9941761,2.0247567
NAS:AMZN,2019.0,0.35419774,0.29588196,0.3131499,0.24467677,-0.29763395,0.049066164,0.50131124,0.564911,0.5016861,0.50078946
NAS:XEL,2019.0,0.16812846,0.18096338,0.12629825,0.06380049,0.078738205,0.27375993,0.05396981,-0.037226457,0.06571643,0.06569058
NAS:CPRT,2019.0,0.32776245,0.5009657,0.5807636,0.2685503,0.6903924,0.39938664,0.27911073,0.65640146,0.45529783,0.51433027
NAS:MNST,2019.0,0.029433444,0.06513156,-0.48571435,-4.537776e-05,0.016107053,0.017235912,0.42878518,0.00047482067,0.02771598,-0.019783316
NAS:MTCH,2019.0,1.2797921,0.525482,0.6264605,0.79379255,0.6105093,0.765483,0.51494825,0.79585063,1.0195882,0.7817071
NAS:ISRG,2019.0,0.44771907,0.00023306128,0.5197494,0.071262844,-0.49444357,0.42972612,0.021873683,0.1760398,0.32796705,0.08621717
NAS:CHKP,2019.0,0.08096295,0.015421018,0.2762941,-0.64241755,0.06686099,0.40268844,0.08429225,0.05789588,0.4972871,0.09672317
NAS:SBUX,2019.0,0.29947886,0.31530893,0.24755153,0.42537034,0.3662903,0.20394306,0.2623891,0.16665564,0.054503225,-0.18133892
NAS:AMGN,2019.0,-0.046127148,0.0699694,0.18498339,0.29222262,0.070092015,-0.056600034,-0.18961418,0.022877503,0.1488837,0.0219549
NAS:ROST,2019.0,0.60164845,1.3261535,0.546005,0.8078725,0.73623204,1.2035958,0.99030775,1.4817363,0.2750092,0.8010356
NAS:LRCX,2019.0,1.9463749,0.72634584,0.34407517,0.18933827,0.37431765,1.6871352,1.8541962,0.3043369,2.1731098,2.7946265
NAS:EBAY,2019.0,1.0329019,0.714016,0.1721249,0.62291646,0.31590685,0.75549215,0.02471716,0.21103239,0.8287842,0.76268476
NAS:VRSK,2019.0,0.6363469,0.29600605,0.20043555,0.0075496417,0.015275545,0.34172308,0.06623676,0.024151748,0.1873619,0.44857207
NAS:EA,2019.0,-0.8524119,-0.032410562,-0.13963671,-0.70262027,0.22916788,-0.1305371,-0.0012080222,-0.07721213,-0.017862432,-0.11765945
NAS:ADBE,2019.0,-0.026939878,0.27075952,0.06603541,0.1624407,-0.02312024,0.07838318,-0.045618087,-0.0132220285,0.007247717,0.27100974
NAS:MCHP,2019.0,0.726169,0.66805583,0.1518856,0.5766761,0.7337436,0.37695795,0.6213146,0.15091807,0.6448987,0.38340142
NAS:AEP,2019.0,-0.04709626,0.02279003,0.07169548,0.03496993,0.023066591,0.023266008,0.027770963,0.0068928995,0.02327582,0.031772085
NAS:ADI,2019.0,0.95509064,0.7451718,0.18158862,1.1777074,1.9974482,2.4739969,0.21179023,3.2720327,2.2226949,2.0730734
NAS:INCY,2019.0,-0.5224991,-0.6321419,-0.86005896,-1.0661408,-0.09185133,-0.521113,-0.44869566,-0.25697082,-0.15320836,-0.45149618
NAS:AAPL,2019.0,0.30265203,0.30096474,0.6447276,0.2887212,0.59949744,0.30586603,0.34416455,0.09801326,0.4787516,0.4652623
NAS:CERN,2019.0,0.13012157,-0.011086989,-0.06029833,-0.06689117,0.10627113,0.27858981,0.031248318,0.018623427,0.667678,0.040296767
NAS:BIIB,2019.0,1.0036019,-0.031800266,0.4710327,0.47123307,0.5607731,1.3682041,1.2629093,2.5538602,0.44265893,2.4265826
NAS:KLAC,2019.0,0.021190323,-0.024125502,-0.017542373,0.0026687048,0.03232893,0.19724023,-0.017190605,0.20592321,-0.039450273,-0.0041735033
NAS:WBA,2019.0,0.35701546,0.3596099,0.28457388,0.29619378,0.14746173,0.055920154,0.08012986,0.052184135,-0.110057026,0.1688159
NAS:ASML,2019.0,0.47781014,0.761852,1.3733487,1.2544422,1.3455789,1.6019249,1.4934098,0.721814,0.42157242,0.8277532
NAS:LULU,2019.0,0.8980217,-0.05219541,0.38822892,-0.9682392,0.8776245,0.05774484,0.2669397,0.030803084,0.17403285,0.36113667
NAS:VRSN,2019.0,-0.48547333,-0.50239015,-0.17868565,-0.6246496,-0.10966927,-0.8232158,-0.29824382,-0.5283975,-0.5854245,-0.57176214
NAS:NFLX,2019.0,0.20465007,1.5099303,1.3486047,1.9923105,1.6748555,0.92833227,2.232213,2.0670292,2.430857,2.0362275
NAS:QCOM,2019.0,0.8280911,0.27519113,-0.101663426,0.06443528,0.21447417,0.32146227,-0.025291413,-0.050513744,-0.12316912,-0.13041449
NAS:NVDA,2019.0,0.34322867,2.1127958,1.8479198,1.8473079,1.5327075,1.7946985,2.0461562,2.1035995,2.245836,0.9349457
NAS:DLTR,2019.0,0.25338003,-0.012486425,-0.022776064,0.18206817,0.07933949,0.05761666,-0.004434889,-0.006753605,0.12470956,0.010178871
NAS:MSFT,2019.0,-0.21350949,0.025756594,0.19423422,0.14104718,0.25037828,0.11998592,0.3690473,-0.0012431891,0.071425125,0.16883451
NAS:HON,2019.0,0.08662411,0.045494165,0.06523429,0.23436102,0.054915175,0.05086086,0.59634376,0.10628427,0.1027735,0.08696847
NAS:MAR,2019.0,0.44051987,0.16370744,0.14098753,0.1374342,0.2867426,-0.09695199,0.1388576,0.10419622,0.08546734,0.048443835
NAS:PCAR,2019.0,0.7941217,0.79643905,0.38971663,1.1573812,0.742013,0.5832459,0.1358165,0.13535056,0.71648514,0.13749829
NAS:TSLA,2019.0,1.0617157,0.053411916,-0.638005,0.36625293,-0.6719816,0.3018707,0.014346516,-0.16556847,0.32886672,0.014421444
NAS:MDLZ,2019.0,0.031172028,0.009277656,0.122021005,-0.013429813,0.023680642,0.3888715,0.021397702,0.096083224,0.10190398,0.030721067
NAS:ORLY,2019.0,0.24763483,0.030116856,0.2525029,-0.35668284,0.02492908,0.024634808,0.20853561,-0.07243205,0.002792239,0.027986506
NAS:REGN,2019.0,-0.0127930585,-0.6825467,-0.10144338,-0.29759073,-0.13821468,-0.23131765,-0.21145965,-0.021114914,-0.07903115,-0.6839831
NAS:CHTR,2019.0,0.5394307,0.5067913,0.6299923,0.81904924,-0.13420224,0.40359464,0.57067406,0.48667464,0.69328946,0.26639593
NAS:ADP,2019.0,0.15178603,0.06630993,0.3455332,0.28053582,0.15123188,0.21282423,0.2853965,0.30815035,0.15151078,0.4274499
NAS:PEP,2018.0,0.041789163,0.13444312,0.13490532,-0.0057436153,-0.09802988,-0.29603744,0.11470619,0.038499102,0.15942511,0.024425047
NAS:CSX,2018.0,0.006866086,0.36968037,-0.05376898,0.14122857,0.14139016,-0.011840791,0.141343,0.083606124,0.070639946,-0.056836788
NAS:KDP,2018.0,0.13406901,0.18131582,0.13224226,0.025940761,-0.09929503,-0.1981235,0.012692254,0.15385576,0.13035318,0.13110694
NAS:GOOG,2018.0,0.24808821,0.37024626,0.2924839,0.22052878,0.45614904,0.22597113,0.018353265,0.065671206,0.23557258,-0.11854188
NAS:CTAS,2018.0,0.11365112,0.10561587,0.15956697,-0.016588034,0.15227634,0.15218674,0.043438505,0.08234396,0.010034529,0.14913568
NAS:MELI,2018.0,0.20203376,0.49712348,0.20891327,0.35983434,0.024571542,0.03799697,0.42389283,0.42232618,0.64649904,0.0339974
NAS:TMUS,2018.0,0.32583588,0.54144573,0.35276562,0.4151011,0.5059197,1.1670465,0.44580463,0.16748744,0.589321,0.23936296
NAS:GILD,2018.0,0.23176408,0.32762676,0.38799265,0.021181047,0.32227165,0.13996914,0.32437176,0.52265173,0.39378655,0.87632155
NAS:IDXX,2018.0,0.10133372,0.07056639,0.32814324,0.20738877,0.018935332,0.227865,0.24264815,0.23545566,0.03786359,0.24151541
NAS:CDNS,2018.0,0.11942258,0.1782193,0.029748155,0.006606952,0.25657165,-0.11905019,0.1767054,0.015853062,-0.23809893,-0.113562256
NAS:MU,2018.0,-1.1372308,-1.067363,-0.92162246,-0.2766988,-0.75146335,0.347699,-0.40759212,-1.887256,-0.9371912,0.3496747
NAS:TXN,2018.0,0.05872804,0.06619934,0.08321697,0.06568252,0.109001175,0.14894818,0.43474543,0.18593234,0.061564293,0.16424826
NAS:INTC,2018.0,-0.03546368,-0.09868577,0.21621852,-0.38778108,0.21397431,-0.101802684,0.21221402,-0.3726852,-0.05320662,0.085539155
NAS:MRVL,2018.0,-0.40405244,-0.14901195,-0.48531744,0.018871635,-0.099107675,-0.17044252,0.011036821,-0.20949902,0.075232185,-0.83143705
NAS:COST,2018.0,0.011797066,0.006000187,0.13363642,0.13463177,0.037298415,0.016195457,0.13382722,-0.008307299,0.13695675,0.1354119
NAS:AVGO,2018.0,-0.12388732,-0.1171636,0.030208914,-0.25335544,-0.18505974,0.11776222,0.2699448,-0.03694193,-0.1675023,0.07752404
NAS:SWKS,2018.0,0.11368889,0.21162732,-0.062289163,-0.006522003,0.25242385,-0.026083611,0.5510464,-0.034129996,0.03849733,-0.013305455
NAS:FAST,2018.0,0.19840698,-0.0148142325,0.038655758,0.2021451,0.19929132,-0.010054081,-0.017693711,0.15155473,-0.003715567,-0.005493405
NAS:ALGN,2018.0,1.0805608,-0.036168613,0.73508847,0.49321747,0.107436255,0.6386148,0.3662272,0.28417355,0.85330075,1.1081922
NAS:ILMN,2018.0,-0.38159102,-0.7322465,-0.34474003,0.25712514,-0.67140204,-0.040901348,-0.063723624,-0.06437319,-0.20357199,0.0129680205
NAS:CTSH,2018.0,0.078586146,0.18795782,-0.011306933,-0.042322855,0.06775417,0.08435907,0.0064698197,0.067902476,0.14069465,0.17802258
NAS:NTES,2018.0,0.78304857,-1.8817687,-0.02465342,1.0073647,-0.47594514,2.1944618,0.08610836,0.20702365,0.15572761,0.14566293
NAS:AZN,2018.0,-0.15743732,-0.024133317,-0.03029952,0.07573067,0.078674704,-0.41252503,0.019871652,-0.34384882,0.0038925563,-0.013966916
NAS:AMD,2018.0,-0.09801636,-0.1795765,0.14670369,-0.10793478,-0.06799117,0.105143644,-0.047925625,0.16998324,0.14243788,-0.09926568
NAS:TCOM,2018.0,0.5707933,0.21518515,0.29588902,0.45584768,0.82666206,-0.050215475,0.07846621,0.32256037,0.2023642,0.30003273
NAS:BIDU,2018.0,-0.26515156,-0.030208953,-0.32121676,-0.6911583,-0.5341149,-0.99413246,-0.12977053,-0.6786021,-0.5772547,-0.31536663
NAS:CSCO,2018.0,-0.40309134,0.3271896,-0.29512426,-0.3875446,-0.46334395,-0.08053142,0.08647317,-0.5176221,-0.101540595,-0.029146405
NAS:VRTX,2018.0,0.4470863,0.06109278,0.564384,-0.040484235,0.4958461,-0.026818782,0.14776237,0.060939338,0.28453526,0.06688565
NAS:ANSS,2018.0,0.53098714,0.31810662,0.20362312,0.27233738,0.291483,0.31242928,0.38575172,0.11745857,0.10307014,0.58780587
NAS:SGEN,2018.0,0.07921605,-0.52826923,-0.013666989,-0.4911294,-0.3769106,-0.057766818,-0.17051618,-0.11985283,-0.036729593,-0.33635154
NAS:SNPS,2018.0,-0.13377565,0.27698392,-0.07398049,0.090233386,-0.1677922,-0.03711618,-0.023618376,-0.5814398,-0.123689316,0.051507227
NAS:INTU,2018.0,-0.13620894,-0.05874756,0.11791723,-1.2479233,-0.44452778,-0.20644513,0.021139115,-0.5863034,-0.18647099,-0.024054844
NAS:ATVI,2018.0,0.58036083,0.7432378,0.6428038,0.10491372,0.28456834,0.13823874,0.5478472,0.7427986,0.27745605,0.02825383
NAS:NXPI,2018.0,-0.058690682,0.12346871,0.044278283,-0.026946077,0.2520379,-0.16989273,0.40489596,0.021547962,0.0777809,-0.016529823
NAS:AMAT,2018.0,-0.0599567,-0.05806288,0.17399395,-0.05364001,-0.036718354,-0.47705603,0.49296242,-0.33506876,0.001928776,0.045239866
NAS:EXC,2018.0,-0.17731148,-0.040004667,-0.082334585,0.065668136,-0.05773142,0.06533089,0.06583426,0.38221753,0.06552965,0.06572845
NAS:BKNG,2018.0,0.53894746,0.44220954,0.5108567,0.054191526,0.11744621,0.6492284,0.02502979,0.5243296,0.365642,0.27130145
NAS:PAYX,2018.0,0.016753748,0.21347883,0.029927958,0.119192824,0.21281752,0.1462043,0.27922702,0.21223517,0.10900647,-0.026977342
NAS:CMCSA,2018.0,0.38183516,0.5512662,0.39653105,0.47906566,-0.0714353,0.20438145,0.33449978,0.21351773,0.36370605,0.6311458
NAS:DXCM,2018.0,0.18333064,0.44269386,-0.037516378,0.3061862,-0.22319046,0.4170268,0.5191413,0.20788774,0.7646311,0.90456086
NAS:ADSK,2018.0,0.19985697,-0.024928313,0.21497697,0.12899783,0.22602989,-0.20368406,0.011096778,-0.16671209,-0.17663635,-0.0061083436
NAS:FISV,2018.0,0.007960198,0.015369862,0.20651129,0.19532482,-0.0037351423,-0.057124637,0.10669762,0.1992044,0.20818648,0.02830815
NAS:SIRI,2018.0,0.26540458,0.27445814,0.0901909,-0.0147883715,0.31147397,-0.32360795,-0.25178665,-0.0076580048,-0.24805652,0.029048044
NAS:AMZN,2018.0,-0.7868481,-0.091259964,0.41361755,0.36143726,0.2192672,-0.13276361,0.10215508,0.06618871,-0.43137398,0.23226053
NAS:XEL,2018.0,0.068076715,-0.07974406,0.028294675,-0.04183084,0.0675749,-0.023966089,0.0021320663,0.067820095,-0.102381825,-0.088188
NAS:CPRT,2018.0,-0.23776004,0.18361479,-0.33756316,-0.11230494,-1.4367946,-0.41961658,0.06901957,-0.58012843,-0.4187138,0.2213589
NAS:MNST,2018.0,0.004196544,0.00063672825,-0.35600597,-0.019893833,-0.084967054,0.059366383,-0.18277788,0.8381818,0.061157633,-0.007724383
NAS:MTCH,2018.0,0.18215698,0.015120976,0.1892577,-0.37199348,0.009317506,-0.05686001,0.00019312989,0.3176818,-0.092906035,0.1912939
NAS:ISRG,2018.0,0.1357455,0.15647304,-0.39264396,-0.05126953,-1.1380233,0.7221432,0.030817753,0.10207033,-0.041920476,0.087872945
NAS:CHKP,2018.0,0.27019647,0.16498585,0.6541416,0.39109007,1.1255554,0.59539586,0.17026803,0.087737516,0.22068998,0.17837116
NAS:SBUX,2018.0,0.007970726,-0.017912228,-0.0443486,-0.050404295,-0.073214315,-0.04236852,0.3574587,0.01839737,-0.62055063,-0.0134209655
NAS:AMGN,2018.0,0.10563138,0.105934955,0.076126814,0.30863857,0.10215749,0.30067506,0.29330817,0.07187905,0.058678307,-0.95588416
NAS:ROST,2018.0,1.1930792,-0.94387364,-0.577743,0.047733217,0.7273315,0.37978923,0.84157264,-0.688622,-0.7474263,-1.6431322
NAS:LRCX,2018.0,0.26390812,0.34588087,0.62008166,0.38013238,0.05962891,0.05134805,0.18733239,0.66040355,0.114396006,0.12660591
NAS:EBAY,2018.0,0.16281277,0.36232275,0.08903011,0.16501285,0.015780324,-0.06401502,0.08238697,-0.04225928,0.14361207,0.03734531
NAS:VRSK,2018.0,0.16835065,0.70872474,-0.20932809,0.22356564,0.32785395,0.17046472,0.063341126,0.09437202,0.057745572,0.09873194
NAS:EA,2018.0,0.24328071,0.23201738,0.3389998,0.62964875,0.50956434,0.42696947,0.8169009,0.79587245,0.22977784,0.23974052
NAS:ADBE,2018.0,-0.31314978,0.12905534,0.1199951,0.08825268,0.26297402,0.34279796,0.094463155,0.072919,0.032482788,-0.006501314
NAS:MCHP,2018.0,0.1737599,-0.13318154,0.07994617,0.014527645,-0.02024692,0.37309515,-0.01244633,0.0022335094,-0.019858178,-0.015466139
NAS:AEP,2018.0,0.022035202,0.017272359,0.15915604,0.28971815,0.049028344,0.09987886,0.10483046,0.022672415,0.023958318,0.023187902
NAS:ADI,2018.0,0.21857849,-1.3569252,-0.5831002,0.41724628,-1.4906629,-0.0944416,0.04515995,-1.4192781,-0.036298923,-1.4034032
NAS:INCY,2018.0,-0.029501623,0.38673347,-0.152724,-0.07940955,-0.07672254,-0.12339866,-0.14745688,0.019482834,-0.29495633,0.20194815
NAS:AAPL,2018.0,0.02181096,0.11914704,0.29785025,-0.71362853,-0.048155796,0.07966321,-0.026566563,0.30302164,-0.16109431,0.18926233
NAS:CERN,2018.0,-0.17174047,0.21326838,-0.028724983,-0.042070247,-0.005553464,0.20414302,0.23893528,-0.16517033,0.16154706,-0.4092632
NAS:BIIB,2018.0,0.11041185,0.4048745,1.554033,0.12802315,0.030836718,0.12409214,0.35832366,0.86527103,0.5328855,0.62208045
NAS:KLAC,2018.0,-0.50825125,-0.043278843,0.13637942,0.0026150232,0.20362905,-0.015163966,0.21090083,0.0092049325,0.030869953,0.20399511
NAS:WBA,2018.0,-0.03541039,0.1703391,-0.050605502,0.17096859,-0.023764875,0.17316411,0.16380306,-0.040631928,0.04709709,0.051033445
NAS:ASML,2018.0,1.0764327,0.24306619,0.71693724,0.17802411,0.7041519,0.03945941,0.4296552,0.7983645,1.1108395,0.61710507
NAS:LULU,2018.0,0.006750528,0.02578424,-0.69755757,-0.108954445,0.04977105,-0.042880878,-0.6095259,-0.35911176,-0.26157242,0.28299972
NAS:VRSN,2018.0,-1.442478,-0.8438354,-0.6109048,-0.57433236,-0.018602796,-1.0628878,0.117706284,-0.55627704,-0.22610378,-1.1673685
NAS:NFLX,2018.0,0.39053464,0.0018631469,-0.043535277,-0.0034266496,-0.22996178,-0.089288965,0.29176542,0.6698641,-0.0352913,0.68191355
NAS:QCOM,2018.0,0.048720337,0.12206436,-0.2114718,-0.065855026,0.096443996,0.087835416,0.3752141,0.08631109,-0.28943944,-0.16836828
NAS:NVDA,2018.0,-0.8697234,-0.20866904,-0.099786356,-0.8540076,-0.19536829,-0.072797194,0.08253506,-0.42682678,-0.11412753,-0.31693056
NAS:DLTR,2018.0,0.16457203,-0.0029653753,0.0051397383,0.18598132,0.08930915,-0.041999213,-0.09507046,-0.30233124,0.008966263,0.08228558
NAS:MSFT,2018.0,-0.02047263,0.052449808,-0.3730877,-0.014625981,-0.0077126455,-0.0033531296,-0.017069872,0.040051017,0.045623098,0.24396825
NAS:HON,2018.0,0.08673931,0.08704519,0.087435566,0.098039,0.21660326,0.08735122,0.1649879,0.0865154,0.08621745,0.08666903
NAS:MAR,2018.0,0.1737558,-0.42151737,0.22853802,-0.09576117,-0.029044714,0.15420443,0.21280569,-0.0951399,0.19289106,-0.09750563
NAS:PCAR,2018.0,0.5016007,0.5238591,0.2031224,0.1465118,0.13703515,0.14641619,0.38733843,1.026413,0.28782445,0.48874408
NAS:TSLA,2018.0,0.5918428,0.24226728,-0.5232485,0.67289853,0.3969257,-0.0036111183,0.35521966,0.43058756,0.12564613,0.8458962
NAS:MDLZ,2018.0,0.101000875,0.069158375,0.017895132,0.026570506,-0.028130213,0.030164218,0.11824453,0.010700024,-0.11240148,0.36817062
NAS:ORLY,2018.0,0.04033902,0.22018562,-0.16015305,-0.2910988,0.1413243,-0.1273203,0.29599482,0.2270827,0.23152693,-0.04639604
NAS:REGN,2018.0,0.33218482,-0.7725399,-0.08971722,0.3321917,-0.07264061,-0.100775294,-0.30773258,-0.49119627,0.019610822,-0.16362631
NAS:CHTR,2018.0,0.074083075,-0.046256114,0.6836859,0.35309926,0.8018696,0.2460023,0.2792342,-0.7894467,0.29212537,0.296642
NAS:ADP,2018.0,0.063179925,0.14884539,0.15281779,0.12659247,0.14586623,0.22146238,0.23174228,0.14328027,0.21286188,0.14903207
NAS:PEP,2017.0,-0.3899931,0.00027122072,0.13663957,0.06209725,0.13648336,0.13666786,0.1316113,0.0034355605,0.034535628,0.024134591
NAS:CSX,2017.0,0.120532125,-0.21146145,-0.056438055,-0.5327028,-0.0391464,-0.028949067,-0.3352173,-0.12279605,-0.013760102,0.04174015
NAS:KDP,2017.0,0.09205745,0.121765785,0.22099334,0.15086943,0.13964061,0.08511415,-0.06323541,0.13883996,-0.11567864,-0.0053582406
NAS:GOOG,2017.0,0.21203785,0.53833985,0.6627799,0.27622858,0.5851854,0.5868875,0.4902019,0.32893947,0.120409735,0.33074158
NAS:CTAS,2017.0,0.14629808,0.14811005,-0.023274971,0.12932165,0.042252228,0.113230355,0.14635758,0.063960284,0.14670601,-0.01779046
NAS:MELI,2017.0,0.6104627,0.6118933,0.23822477,0.602524,0.51769924,0.76927847,0.05457773,0.21292928,1.2425855,0.1344147
NAS:TMUS,2017.0,0.0064430623,0.059811056,-0.5218862,0.012433273,-0.13123202,-0.6860325,-0.04576171,-1.1345822,0.051440023,-0.10540903
NAS:GILD,2017.0,-0.036375318,-0.026083305,0.34162918,0.019056123,-0.042837337,0.34229165,-0.0073393136,0.032291375,0.5770587,-0.08127284
NAS:IDXX,2017.0,0.22415599,0.058986522,0.04686877,0.018076325,-0.047998812,-0.05701152,0.2250447,0.20957999,0.4163751,0.22526234
NAS:CDNS,2017.0,-0.4791261,-0.13657287,0.15000424,-0.041127052,-0.16141224,0.0150609175,-0.123820275,-0.06837068,-0.38753945,-0.10681618
NAS:MU,2017.0,-2.0126374,-0.2052686,-0.4469068,-0.16141625,0.18300478,0.3061469,0.5083002,-1.3016276,-0.23943606,-0.69786
NAS:TXN,2017.0,0.79402256,-0.4626233,0.1441436,0.7236182,0.073320575,0.094700664,0.16382839,0.0744635,0.15977588,0.010149633
NAS:INTC,2017.0,0.23474786,0.21082488,-0.013443248,-0.02264412,-0.097474985,-0.011917893,-0.061277386,-0.5245311,-0.07705741,0.2101111
NAS:MRVL,2017.0,-0.09868565,-0.59848857,-1.8200754,-1.0691867,-0.21486019,-0.54763234,-0.5452717,-1.403552,-0.35941747,-0.45154434
NAS:COST,2017.0,0.24919884,0.17983434,-0.12652831,0.13204,0.17202504,-0.012074038,0.045905028,0.13105236,0.0064460845,0.056013536
NAS:AVGO,2017.0,0.09555964,0.90818745,0.044722717,0.97672004,0.19383308,0.2329773,1.0115561,0.6845198,0.62191397,0.80598116
NAS:SWKS,2017.0,0.13106428,-1.1379516,0.5562156,-0.10162459,0.32664144,-2.2522743,-1.3342221,0.24506526,-0.6565645,-0.21205817
NAS:FAST,2017.0,0.03187366,0.20369844,0.06267202,0.011631137,0.008932381,0.05194046,-0.10716204,0.019018374,0.18249358,0.109236166
NAS:ALGN,2017.0,-0.052049216,-0.51020277,0.2990524,-0.24550584,-0.14397627,-0.07416647,0.22221544,-0.13635229,-0.26019806,-0.8573792
NAS:ILMN,2017.0,1.1455066,1.216739,0.7815086,1.1499156,0.98864377,1.1190373,0.71379054,1.0074257,1.002955,1.072411
NAS:CTSH,2017.0,0.008004532,0.39316097,0.11069441,0.017378766,0.026784772,0.08833066,0.08370618,0.03872951,-0.1962348,0.049544573
NAS:NTES,2017.0,0.057324745,0.94474024,0.2073909,0.064929634,0.2088032,0.21138795,0.12400091,0.12741637,0.19330207,0.07755808
NAS:AZN,2017.0,-0.0053842864,-0.0023292862,-0.077347845,0.0020750016,0.26766485,0.00013124365,0.064776935,-0.06498973,0.06987603,-0.17739306
NAS:AMD,2017.0,-0.8978232,-0.53641605,-1.8445737,-0.081343606,-0.61888015,-0.8237089,-0.7696982,-0.41310725,-0.8054464,-0.9959496
NAS:TCOM,2017.0,-0.18517067,0.18974608,0.08024377,-0.13365912,0.13467054,-0.014284309,-0.9490826,0.047940195,0.43456116,0.115953125
NAS:BIDU,2017.0,0.06546385,-0.30798045,0.02434745,-0.20336463,-0.34466463,-0.64596134,0.08498551,-0.20925348,-0.086185105,-0.25139254
NAS:CSCO,2017.0,-0.50056684,0.0001222877,-0.05889693,-0.00030826742,-0.057507314,0.2612851,0.01784848,0.09900409,-0.09192246,-0.45459408
NAS:VRTX,2017.0,0.018949423,0.7431962,0.48605973,0.49985754,0.062905796,-0.03992665,0.20019114,0.22662824,0.3465228,-0.008027888
NAS:ANSS,2017.0,0.29542723,0.026007755,0.32730877,0.25851014,0.45407048,0.2814888,0.16237643,0.12907174,0.18258257,0.4891943
NAS:SGEN,2017.0,0.06071644,0.006619768,-0.0285842,-0.24399059,0.13104914,-0.06554706,0.0038086958,-0.06408114,-0.034236837,-0.12688404
NAS:SNPS,2017.0,-0.10604076,0.015366861,0.07481842,0.007930138,-0.011690235,0.052943006,0.28503728,-0.035976447,0.06622324,-0.10260767
NAS:INTU,2017.0,0.00860341,-0.0191019,-0.019201877,-0.05849504,0.3283108,-0.18424857,0.038033273,0.058253318,0.050564375,0.05314276
NAS:ATVI,2017.0,0.26702178,0.08621118,0.32552215,0.1439763,0.28791904,0.11125867,0.116891086,0.23534006,0.12641941,0.4300955
NAS:NXPI,2017.0,0.0031624862,0.030906076,0.07100097,-0.018558256,0.13620509,-0.28254706,-0.039264843,0.2067128,0.083724305,0.014681274
NAS:AMAT,2017.0,-0.052978665,-0.06126061,-0.6335901,-0.06311712,-0.06494577,-0.85285175,-0.93463933,0.1581694,-0.06526188,0.2791246
NAS:EXC,2017.0,-0.43136027,0.26887214,0.43653342,0.0643548,0.15708816,0.083337426,0.065476015,0.20617442,0.18659548,0.0651123
NAS:BKNG,2017.0,0.03756372,0.038879767,0.048446067,-0.024667151,-0.113320515,0.3083456,0.13702986,0.30321825,-0.012313021,0.052399293
NAS:PAYX,2017.0,-0.5286331,0.038910292,0.21861577,-0.043745793,-0.015405842,0.026623687,-0.026572105,0.000996083,1.0915486e-05,0.21799877
NAS:CMCSA,2017.0,0.027069008,0.49097207,0.16047178,-0.007945743,0.106774166,0.29269361,0.20181268,-0.027595084,0.30056864,0.20190312
NAS:DXCM,2017.0,0.7208112,0.33755675,0.42005277,-0.25274384,-0.35428384,-0.6301296,-0.037603747,-0.09088338,-0.2543807,0.33692962
NAS:ADSK,2017.0,-0.050391156,-0.08902408,-0.020607809,0.1812911,0.17391896,-0.28489763,-0.03339416,0.062299512,-0.8755597,0.032903753
NAS:FISV,2017.0,0.31190223,0.20498282,0.95023876,0.11963983,0.14637357,0.20949541,0.23667032,-0.044346556,0.20746417,0.0033075635
NAS:SIRI,2017.0,0.26412165,-2.0491707,0.112894714,-0.0010755952,-0.11160166,0.542604,-1.5837303,-0.198549,-2.1699095,-0.39744696
NAS:AMZN,2017.0,-0.12786756,-0.100551836,0.1534327,-0.19679712,-0.026599975,-0.31981593,-0.40130132,0.18421842,0.2759472,-0.09484634
NAS:XEL,2017.0,0.066108316,0.06609234,0.027151942,0.05562097,-0.069575675,0.043109484,0.013115451,0.13320506,0.066118166,0.078349486
NAS:CPRT,2017.0,-0.02072535,0.06540351,0.046108797,0.0914885,0.0011121521,0.31814954,0.24077603,0.1672672,-0.018493166,0.009887048
NAS:MNST,2017.0,1.4019961,2.1992245,1.8281195,0.100117184,1.9420292,0.18916582,1.3870344,1.3232825,0.3805596,1.3114233
NAS:MTCH,2017.0,0.17370924,0.1764616,-0.6464574,0.1334451,-0.038790315,-0.04197248,-0.115058966,-0.3531083,0.07539945,-0.5368326
NAS:ISRG,2017.0,0.02194864,0.039300077,0.2539727,0.086161494,-0.03629918,-0.5427791,-0.77183396,-0.034512836,-0.61063176,-0.032658674
NAS:CHKP,2017.0,0.10747731,0.15398102,0.35611755,0.2846577,0.21261674,0.039371036,0.07270969,0.13322417,0.17270043,0.41921854
NAS:SBUX,2017.0,0.19462648,0.07084946,0.08276679,0.22612053,0.09698853,0.03162255,0.3975942,0.31446636,0.012836082,0.24576649
NAS:AMGN,2017.0,0.077419795,0.11147068,0.13028507,-0.0009513758,0.021862771,-0.0752247,0.059841122,0.06919091,0.05938672,0.14607349
NAS:ROST,2017.0,0.8117713,0.3706664,0.19233987,0.05347485,0.70081306,1.0996307,0.24307379,0.8191529,1.0276134,0.22508441
NAS:LRCX,2017.0,0.086377025,0.04127705,0.17696622,0.29054683,0.08882757,0.12080372,-0.1945631,-0.019079322,-0.14187735,0.12927061
NAS:EBAY,2017.0,-0.014592727,0.02670893,-0.045620054,-0.08879195,-0.07224521,0.19612427,0.10201952,0.096374124,-0.12196767,-0.061247606
NAS:VRSK,2017.0,-0.47737125,0.12082072,0.10593128,0.19054092,0.33809003,-0.26544362,0.4000114,0.054092843,0.1589602,0.15753369
NAS:EA,2017.0,-0.204437,-0.03982474,-0.047872484,0.044808473,0.34506017,0.45895773,-0.093061484,-0.10246646,-0.058384433,-0.28994536
NAS:ADBE,2017.0,0.042410724,0.24797577,0.056551766,-0.08063393,0.07348585,0.24471466,0.19564739,0.19539924,0.5744165,0.25355527
NAS:MCHP,2017.0,0.06081099,-0.018807597,0.27231047,0.026468566,-0.030054694,-0.021717412,-0.031335924,-0.8544312,-0.37499073,0.011920088
NAS:AEP,2017.0,0.09499624,0.0047652456,-0.012795364,0.021403447,0.020981953,0.009074196,-0.19168153,0.022087133,0.021154974,0.021623518
NAS:ADI,2017.0,0.20914656,0.24302071,0.9523666,0.13996753,0.39451447,0.20749374,0.04015169,0.0379908,-0.18738614,0.45899224
NAS:INCY,2017.0,-0.37002712,-0.17559995,-0.15302756,-0.08744949,0.90198755,-0.38102978,-0.089680225,0.373825,0.028633982,-0.31888118
NAS:AAPL,2017.0,0.016889036,0.14115849,-0.10474048,-0.8393579,-0.7001316,-0.04560041,0.28998667,-0.88807416,-0.7398449,-0.036972016
NAS:CERN,2017.0,0.13616844,0.6458119,0.5332549,0.17804019,0.37585232,0.33918437,0.7313881,0.26174867,0.3153978,0.59341717
NAS:BIIB,2017.0,1.8696299,1.8902686,1.4318578,2.713512,3.343803,2.0095189,0.8215145,4.5938406,1.9246452,1.4475962
NAS:KLAC,2017.0,-0.50210863,-0.009192147,-0.018525098,-0.0018300079,0.19749476,-0.3199216,-0.021151215,-0.029335681,-0.035608545,0.20833787
NAS:WBA,2017.0,0.17825535,0.80195355,0.75356656,0.7893533,0.5499888,0.17870323,0.17799644,0.17884496,0.11303144,0.26545337
NAS:ASML,2017.0,0.110964805,0.02942739,0.2135014,0.025232553,-0.16603023,-0.031301253,0.07507196,-0.020029992,-0.0072979224,-0.031892337
NAS:LULU,2017.0,0.76320547,1.0322814,1.3421612,1.2112082,0.15613195,0.8413238,0.3725139,0.56029856,0.6420838,0.97680867
NAS:VRSN,2017.0,-0.22080709,-0.18693975,-0.2827549,0.02157232,-0.17752123,-0.17094502,-0.4714905,-0.039158236,-0.01632358,-0.13121365
NAS:NFLX,2017.0,-0.5313858,-0.06126578,-2.0594943,0.42157787,-0.25116274,-0.6435765,-0.3634648,-0.46274734,0.1449643,-2.0616925
NAS:QCOM,2017.0,-0.5524851,-0.113313146,-1.4310371,0.07866565,-0.19007394,0.37963617,0.05946176,-0.36834964,-0.7329618,-0.50711244
NAS:NVDA,2017.0,0.07855421,0.32061413,0.5696887,0.16697067,0.81427336,0.66272664,0.4011317,0.59750694,0.47961605,0.38292545
NAS:DLTR,2017.0,0.4964378,0.1598102,0.29878393,-0.10225407,0.22368371,-0.025816888,0.19449165,0.008016675,0.52405614,-0.006575482
NAS:MSFT,2017.0,-0.03392337,0.24790211,0.2484505,0.02293354,0.023908783,0.023041556,0.05186375,0.017786868,0.008954777,-0.27867356
NAS:HON,2017.0,0.09755974,0.084642805,-0.26306343,0.084614895,0.083966225,0.14110807,0.08407195,0.108186744,0.20164418,0.076606154
NAS:MAR,2017.0,-0.14852194,-0.16072792,-0.19280282,-0.1356851,-0.08473758,0.11660495,-0.07885477,0.049317956,-0.36788177,-0.039481312
NAS:PCAR,2017.0,-0.08852456,0.03126435,-0.08243376,0.14621106,-0.021038624,0.18899277,0.10099893,0.026139751,-0.011550295,-0.0370502
NAS:TSLA,2017.0,0.085157394,0.9143389,0.1323055,0.6011292,0.43145636,0.14200485,1.2955487,0.92908645,0.6194197,-0.03459408
NAS:MDLZ,2017.0,-0.004996558,0.11321027,0.029470209,-0.13541001,0.05522813,0.031674184,0.030548088,-0.07798035,0.12094206,0.029040588
NAS:ORLY,2017.0,0.28689033,0.4513724,0.054127797,0.27489972,0.15301791,0.22112425,0.079163425,0.18811543,0.5425697,0.28093088
NAS:REGN,2017.0,0.85597265,0.35193157,0.28945413,1.01981,-0.002662789,-0.14277965,-0.14110684,-0.17517681,-0.410695,0.32988372
NAS:CHTR,2017.0,0.95790434,-0.19406824,1.0066535,0.32286534,0.31641635,0.7420073,0.33965123,-0.061533015,0.44474098,0.3506429
NAS:ADP,2017.0,0.14478399,0.08486277,0.08513336,0.14292102,-0.006686918,0.010059994,0.17010881,0.06329811,0.1145791,0.1651162
